{"3C90": 0.282254066096809, "3C94": 0.281179823717941, "3E6": 0.199842551960829, "3F4": 0.312954906128548, "77": 0.315644038162322, "78": 0.3166405692215, "N27": 0.317335585296054, "N30": 0.201167700159802, "N49": 0.317828937072173, "N87": 0.280909134946228}