{"3C90": 84.7148502254261, "3C94": 64.8575649838852, "3E6": 74.1579701817075, "3F4": 150, "77": 86.5681744566843, "78": 87.5896894086919, "N27": 119.039616554254, "N30": 116.951204964406, "N49": 150, "N87": 100.674197407678}